"S No.","Code","Roll Size","Category","Name","Stocked/ Special Order","Price per Meter (AED)","Price Per Roll (AED)"
"1","S115","1.22 x 50 m","Solid Colours","Classic White","In Stock","27.72","1,320.00"
"2","S126","1.22 x 50 m","Solid Colours","White Smoke","In Stock","28.88","1,375.00"
"3","S127","1.22 x 50 m","Solid Colours","Cofee Cream","In Stock","28.88","1,375.00"
"4","S128","1.22 x 50 m","Solid Colours","Sand","In Stock","28.88","1,375.00"
"5","S140","1.22 x 50 m","Solid Colours","Black","In Stock","28.88","1,375.00"
"6","S141","1.22 x 50 m","Solid Colours","Porcelain Beige","Special Order","42.70","2,135.00"
"7","S143","1.22 x 50 m","Solid Colours","Medium Grey","In Stock","28.88","1,375.00"
"8","S145","1.22 x 50 m","Solid Colours","Brown","In Stock","28.88","1,375.00"
"9","S146","1.22 x 50 m","Solid Colours","Orange Yellow","Special Order","42.70","2,135.00"
"10","S147","1.22 x 50 m","Solid Colours","Red","Special Order","42.70","2,135.00"
"11","S149","1.22 x 50 m","Solid Colours","Dark Grey","In Stock","28.88","1,375.00"
"12","S150","1.22 x 50 m","Solid Colours","Classic Blue","Special Order","42.70","2,135.00"
"13","S153","1.22 x 50 m","Solid Colours","Powder Blue","Special Order","42.70","2,135.00"
"14","S156","1.22 x 50 m","Solid Colours","Clay Beige","In Stock","28.88","1,375.00"
"15","S157","1.22 x 50 m","Solid Colours","Warm Stone","Special Order","42.70","2,135.00"
"16","S158","1.22 x 50 m","Solid Colours","Light Grey","In Stock","28.88","1,375.00"
"17","S159","1.22 x 50 m","Solid Colours","Charcoal Grey","In Stock","28.88","1,375.00"
"18","S166","1.22 x 50 m","Solid Colours","Yellow Green","Special Order","42.70","2,135.00"
"19","S169","1.22 x 50 m","Solid Colours","Orange","Special Order","42.70","2,135.00"
"20","S173","1.22 x 50 m","Solid Colours","Royal Blue","Special Order","42.70","2,135.00"
"21","S175","1.22 x 50 m","Solid Colours","Blue Turquoise","Special Order","42.70","2,135.00"
"22","S176","1.22 x 50 m","Solid Colours","Off-White","In Stock","28.88","1,375.00"
"23","S177","1.22 x 50 m","Solid Colours","Pearl Ivory","Special Order","42.70","2,135.00"
"24","S178","1.22 x 50 m","Solid Colours","Cream","In Stock","28.88","1,375.00"
"25","S179","1.22 x 50 m","Solid Colours","Beige","In Stock","28.88","1,375.00"
"26","S181","1.22 x 50 m","Solid Colours","Classic Greige","In Stock","28.88","1,375.00"
"27","S183","1.22 x 50 m","Solid Colours","Cacao","Special Order","42.70","2,135.00"
"28","S185","1.22 x 50 m","Solid Colours","French Lilac","Special Order","42.70","2,135.00"
"29","S186","1.22 x 50 m","Solid Colours","Sky Blue","Special Order","42.70","2,135.00"
"30","S188","1.22 x 50 m","Solid Colours","Yellow","Special Order","42.70","2,135.00"
"31","S189","1.22 x 50 m","Solid Colours","Mint Green","Special Order","42.70","2,135.00"
"32","S194","1.22 x 50 m","Solid Colours","Mustard","Special Order","42.70","2,135.00"
"33","S195","1.22 x 50 m","Solid Colours","Platinum Blue","In Stock","28.88","1,375.00"
"34","S197","1.22 x 50 m","Solid Colours","Dark Blue","In Stock","28.88","1,375.00"
"35","S198","1.22 x 50 m","Solid Colours","Antique Grey","In Stock","28.88","1,375.00"
"36","S200","1.22 x 50 m","Solid Colours","Olive Green","Special Order","42.70","2,135.00"
"37","S201","1.22 x 50 m","Solid Colours","Sage Green","In Stock","28.88","1,375.00"
"38","S202","1.22 x 50 m","Solid Colours","Seaweed Green","Special Order","42.70","2,135.00"
"39","S204","1.22 x 50 m","Solid Colours","Navy Blue","In Stock","28.88","1,375.00"
"40","S208","1.22 x 50 m","Solid Colours","Ivory","In Stock","28.88","1,375.00"
"41","S209","1.22 x 50 m","Solid Colours","Stone Grey","In Stock","28.88","1,375.00"
"42","S210","1.22 x 50 m","Solid Colours","Ash","Special Order","42.70","2,135.00"
"43","S211","1.22 x 50 m","Solid Colours","Off-Black","In Stock","28.88","1,375.00"
"44","S212","1.22 x 50 m","Solid Colours","Earth Green","In Stock","28.88","1,375.00"
"45","S213","1.22 x 50 m","Solid Colours","Peach","Special Order","42.70","2,135.00"
"46","S214","1.22 x 50 m","Solid Colours","Light Green","In Stock","28.88","1,375.00"
"47","S215","1.22 x 50 m","Solid Colours","Almond Latte","In Stock","28.88","1,375.00"
"48","S216","1.22 x 50 m","Solid Colours","Paper White","In Stock","28.88","1,375.00"
"49","S217","1.22 x 50 m","Solid Colours","Pastel Pink","In Stock","28.88","1,375.00"
"50","S218","1.22 x 50 m","Solid Colours","Burgundy","Special Order","42.70","2,135.00"
"51","S219","1.22 x 50 m","Solid Colours","Lime","Special Order","42.70","2,135.00"
"52","S230","1.22 x 50 m","Solid Colours","Dark Turqouise","Special Order","42.70","2,135.00"
"53","S231","1.22 x 50 m","Solid Colours","Lava Stone Grey","Special Order","42.70","2,135.00"
"54","S232","1.22 x 50 m","Solid Colours","Bubblegum Pink","Special Order","42.70","2,135.00"
"55","S233","1.22 x 50 m","Solid Colours","Dark Green","In Stock","28.88","1,375.00"
"56","S234","1.22 x 50 m","Solid Colours","Dark Brown","Special Order","42.70","2,135.00"
"57","S235","1.22 x 50 m","Solid Colours","Graphite Grey","In Stock","28.88","1,375.00"
"58","S236","1.22 x 50 m","Solid Colours","Dove Grey","Special Order","42.70","2,135.00"
"59","S237","1.22 x 50 m","Solid Colours","Light Mauve","Special Order","42.70","2,135.00"
"60","S238","1.22 x 50 m","Solid Colours","Dusty Rose","Special Order","42.70","2,135.00"
"61","S239","1.22 x 50 m","Solid Colours","Pistachio Green","In Stock","28.88","1,375.00"
"62","S240","1.22 x 50 m","Solid Colours","Light Greige","In Stock","28.88","1,375.00"
"63","S241","1.22 x 50 m","Solid Colours","Pale Yellow","Special Order","42.70","2,135.00"
"64","S242","1.22 x 50 m","Solid Colours","Space Blue","Special Order","42.70","2,135.00"
"65","S243","1.22 x 50 m","Solid Colours","Soft White","In Stock","28.88","1,375.00"
"66","S244","1.22 x 50 m","Solid Colours","Frost White","Special Order","42.70","2,135.00"
"67","S245","1.22 x 50 m","Solid Colours","Pearl White","Special Order","42.70","2,135.00"
"68","S246","1.22 x 50 m","Solid Colours","Desert Tan","In Stock","28.88","1,375.00"
"69","S247","1.22 x 50 m","Solid Colours","Tan Brown","Special Order","42.70","2,135.00"
"70","S248","1.22 x 50 m","Solid Colours","Aqua Frost","In Stock","28.88","1,375.00"
"71","S249","1.22 x 50 m","Solid Colours","Lily Lavender","Special Order","42.70","2,135.00"
"72","S250","1.22 x 50 m","Solid Colours","French Fuschia","Special Order","42.70","2,135.00"
"73","S251","1.22 x 50 m","Solid Colours","Teracotta","Special Order","42.70","2,135.00"
"74","S252","1.22 x 50 m","Solid Colours","Baked Clay","In Stock","28.88","1,375.00"
"75","S253","1.22 x 50 m","Solid Colours","Deep Brown","Special Order","42.70","2,135.00"
"76","S254","1.22 x 50 m","Solid Colours","Deep Blue","Special Order","42.70","2,135.00"
"77","S255","1.22 x 50 m","Solid Colours","Matte White","In Stock","28.88","1,375.00"
"78","S256","1.22 x 50 m","Solid Colours","Matte Ivory","Special Order","42.70","2,135.00"
"79","S257","1.22 x 50 m","Solid Colours","Matte Sand","In Stock","28.88","1,375.00"
"80","S258","1.22 x 50 m","Solid Colours","Sensual Grey","Special Order","42.70","2,135.00"
"81","S259","1.22 x 50 m","Solid Colours","Charcoal Grey","Special Order","42.70","2,135.00"
"82","S260","1.22 x 50 m","Solid Colours","Evening Snow","Special Order","42.70","2,135.00"
"83","S261","1.22 x 50 m","Solid Colours","Pale Sage","Special Order","42.70","2,135.00"
"84","S262","1.22 x 50 m","Solid Colours","Deep Maroon","In Stock","28.88","1,375.00"
"85","S263","1.22 x 50 m","Solid Colours","Cloud White","In Stock","28.88","1,375.00"
"86","S264","1.22 x 50 m","Solid Colours","Ash White","In Stock","28.88","1,375.00"
"87","S265","1.22 x 50 m","Solid Colours","Warm White","In Stock","28.88","1,375.00"
"88","S266","1.22 x 50 m","Solid Colours","Warm Ivory","In Stock","28.88","1,375.00"
"89","ECF01","1.22 x 50m","Solid Colours","Whiteboard","In Stock","72.07","3,432.00"
"90","HS204","1.22 x 50 m","Solid Colours","White","In Stock","35.81","1,705.00"
"91","CP202","1.22 x 50 m","Solid Colours","White Shimmer","Special Order","58.10","2,905.00"
"92","SMT01","1.22 x 50 m","Super Matte","Ivory","In Stock","35.81","1,705.00"
"93","SMT02","1.22 x 50 m","Super Matte","Cream","In Stock","35.81","1,705.00"
"94","SMT03","1.22 x 50 m","Super Matte","Beige","In Stock","35.81","1,705.00"
"95","SMT04","1.22 x 50 m","Super Matte","Greige","In Stock","35.81","1,705.00"
"96","SMT05","1.22 x 50 m","Super Matte","Medium Grey","Special Order","56.60","2,830.00"
"97","SMT06","1.22 x 50 m","Super Matte","Dark Grey","Special Order","56.60","2,830.00"
"98","SMT07","1.22 x 50 m","Super Matte","Black","In Stock","35.81","1,705.00"
"99","SMT10","1.22 x 50 m","Super Matte","Dark Green","Special Order","56.60","2,830.00"
"100","SMT11","1.22 x 50 m","Super Matte","Dark Blue","Special Order","56.60","2,830.00"
"101","SMT12","1.22 x 50 m","Super Matte","Light Greige","In Stock","35.81","1,705.00"
"102","SMT13","1.22 x 50 m","Super Matte","Light Grey","Special Order","56.60","1,550.00"
"103","SMT14","1.22 x 50 m","Super Matte","Warm Stone","Special Order","56.60","2,830.00"
"104","SMT15","1.22 x 50 m","Super Matte","Cacao","Special Order","56.60","2,830.00"
"105","SMT16","1.22 x 50 m","Super Matte","Frost White","In Stock","35.81","1,705.00"
"106","SMT17","1.22 x 50 m","Super Matte","Antique Ivory","In Stock","35.81","1,705.00"
"107","SMT18","1.22 x 50 m","Super Matte","Cool Grey","Special Order","56.60","2,830.00"
"108","SMT20","1.22 x 50 m","Super Matte","Pale Green","Special Order","56.60","2,830.00"
"109","SMT21","1.22 x 50 m","Super Matte","Rose Beige","Special Order","56.60","2,830.00"
"110","SMT24","1.22 x 50 m","Super Matte","White","In Stock","35.81","1,705.00"
"111","ZSW04","1.22 x 50 m","Painted Wood","White","In Stock","35.81","1,705.00"
"112","PTW01","1.22 x 50 m","Painted Wood","Ivory","In Stock","35.81","1,705.00"
"113","PTW02","1.22 x 50 m","Painted Wood","Medium Beige","Special Order","50.00","2,500.00"
"114","PTW04","1.22 x 50 m","Painted Wood","Dark Grey","Special Order","50.00","2,500.00"
"115","PTW05","1.22 x 50 m","Painted Wood","Blue Grey","Special Order","50.00","2,500.00"
"116","PTW06","1.22 x 50 m","Painted Wood","Dusty Teal","Special Order","50.00","2,500.00"
"117","PTW07","1.22 x 50 m","Painted Wood","Blue","In Stock","35.81","1,705.00"
"118","PTW08","1.22 x 50 m","Painted Wood","Pistachio Green","In Stock","35.81","1,705.00"
"119","PTW09","1.22 x 50 m","Painted Wood","Taupe","In Stock","35.81","1,705.00"
"120","PTW10","1.22 x 50 m","Painted Wood","Light Beige","In Stock","35.81","1,705.00"
"121","PTW11","1.22 x 50 m","Painted Wood","Light Grey","In Stock","35.81","1,705.00"
"122","PTW12","1.22 x 50 m","Painted Wood","Dark Greige","Special Order","50.00","2,500.00"
"123","PTW14","1.22 x 50 m","Painted Wood","Greige","In Stock","35.81","1,705.00"
"124","PTW15","1.22 x 50 m","Painted Wood","Black","In Stock","35.81","1,705.00"
"125","PTW16","1.22 x 50 m","Painted Wood","Matte White","In Stock","35.81","1,705.00"
"126","PNT01","1.22 x 40 m","Painted Wood","White","In Stock","35.81","1,364.00"
"127","PNT02","1.22 x 40 m","Painted Wood","Light Grey","In Stock","35.81","1,364.00"
"128","PNT03","1.22 x 40 m","Painted Wood","Light Greige","In Stock","35.81","1,364.00"
"129","PNT04","1.22 x 40 m","Painted Wood","Medium Grey","In Stock","35.81","1,364.00"
"130","PNT05","1.22 x 40 m","Painted Wood","Dark Brown","Special Order","50.00","2,000.00"
"131","PNT07","1.22 x 40 m","Painted Wood","Green","In Stock","35.81","1,364.00"
"132","PNT09","1.22 x 40 m","Painted Wood","Blue Grey","Special Order","50.00","2,000.00"
"133","PNT10","1.22 x 40 m","Painted Wood","Dark Grey","Special Order","50.00","2,000.00"
"134","LM202","1.22 x 50 m","Painted Wood","Pearl Grey","Special Order","42.70","2,135.00"
"135","LS102","1.22 x 50 m","Painted Wood","White Textured","In Stock","31.19","1,485.00"
"136","LS103","1.22 x 50 m","Painted Wood","Black Textured","Special Order","42.70","2,135.00"
"137","LS104","1.22 x 50 m","Painted Wood","White Forest","Special Order","42.70","2,135.00"
"138","LS106","1.22 x 50 m","Painted Wood","Matte Black","Special Order","42.70","2,135.00"
"139","PNC41","1.22 x 40 m","Stone","Stone Blast","Special Order","51.50","2,060.00"
"140","PNC42","1.22 x 40 m","Stone","Stone Blast","In Stock","38.12","1,452.00"
"141","PNC43","1.22 x 40 m","Stone","Stone Blast","In Stock","38.12","1,452.00"
"142","PNC44","1.22 x 40 m","Stone","Stucco","In Stock","38.12","1,452.00"
"143","PNC45","1.22 x 40 m","Stone","Stucco","Special Order","51.50","2,060.00"
"144","PNC46","1.22 x 40 m","Stone","Stucco","Special Order","51.50","2,060.00"
"145","PNC47","1.22 x 40 m","Stone","Slate","In Stock","38.12","1,452.00"
"146","PNC49","1.22 x 40 m","Stone","Moonstone","In Stock","38.12","1,452.00"
"147","PNC50","1.22 x 40 m","Stone","Moonstone","In Stock","38.12","1,452.00"
"148","PNC51","1.22 x 40 m","Stone","Stone Blast","In Stock","38.12","1,452.00"
"149","PNC52","1.22 x 40 m","Stone","Moonstone","In Stock","38.12","1,452.00"
"150","PNC53","1.22 x 40 m","Stone","Stone Blast","In Stock","38.12","1,452.00"
"151","PNC54","1.22 x 40 m","Stone","Stucco","In Stock","38.12","1,452.00"
"152","PNC55","1.22 x 40 m","Stone","Concrete White","In Stock","38.12","1,452.00"
"153","PNC56","1.22 x 40 m","Stone","Light Grey","In Stock","38.12","1,452.00"
"154","PNC57","1.22 x 40m","Stone","Dark Stone","In Stock","38.12","1,452.00"
"155","PNC58","1.22 x 40m","Stone","Sand Stone","In Stock","38.12","1,452.00"
"156","PNC59","1.22 x 40m","Stone","Sand Stone","In Stock","38.12","1,452.00"
"157","BLC01","1.22 x 40m","Textured Plaster","Valen","In Stock","28.88","1,100.00"
"158","BLC02","1.22 x 40m","Textured Plaster","Cream","In Stock","28.88","1,100.00"
"159","BLC03","1.22 x 40m","Textured Plaster","Pocelain","In Stock","28.88","1,100.00"
"160","BLC04","1.22 x 40m","Textured Plaster","Terranova","In Stock","28.88","1,100.00"
"161","BLC05","1.22 x 40m","Textured Plaster","Pure White","In Stock","28.88","1,100.00"
"162","BLC06","1.22 x 40m","Textured Plaster","Cream White","Special Order","42.70","1,708.00"
"163","BLC07","1.22 x 40m","Textured Plaster","White","Special Order","42.70","1,708.00"
"164","EXF51","1.22 x 50m","Stone","Textured Onyx","In Stock","59.37","2,827.00"
"165","EXF52","1.22 x 50m","Stone","Rustic Stone","In Stock","59.37","2,827.00"
"166","EXF53","1.22 x 50m","Stone","Wild Concrete","In Stock","59.37","2,827.00"
"167","EXF54","1.22 x 50m","Stone","Wild Concrete","Special Order","79.50","3,975.00"
"168","UMI01","1.22 x 50 m","Metal","Shiny Rookie","Special Order","95.00","4,750.00"
"169","UMI02","1.22 x 50 m","Metal","Shiny Rookie","In Stock","86.63","4,125.00"
"170","UMI05","1.22 x 50 m","Holographic","Hologram","In Stock","86.63","4,125.00"
"171","UMI06","1.22 x 50 m","Holographic","Hologram","Special Order","95.00","4,750.00"
"172","RM002","1.22 x 50 m","Metal","Brushed Black Steel","Special Order","58.10","2,905.00"
"173","RM003","1.22 x 50 m","Metal","Brushed Bronze","Special Order","58.10","2,905.00"
"174","RM004","1.22 x 50 m","Metal","Brushed Silver","Special Order","58.10","2,905.00"
"175","RM005","1.22 x 50 m","Metal","Dark Steel","Special Order","58.10","2,905.00"
"176","RM007","1.22 x 50 m","Metal","Gold","In Stock","38.12","1,815.00"
"177","RM008","1.22 x 50 m","Metal","Brushed Bronze","In Stock","38.12","1,815.00"
"178","RM009","1.22 x 50 m","Metal","Brushed Gunmetal","Special Order","58.10","2,905.00"
"179","RM011","1.22 x 50 m","Metal","Copper","In Stock","38.12","1,815.00"
"180","RM012","1.22 x 50 m","Metal","Brushed Platinum","In Stock","38.12","1,815.00"
"181","RM015","1.22 x 50 m","Metal","Brushed Titanium","Special Order","58.10","2,905.00"
"182","RM051","1.22 x 50 m","Metal","Cross Hairline Metal","In Stock","38.12","1,815.00"
"183","NF901","1.22 x 30 m","Fabric & Leather","Dark Grey","Special Order","137.67","4,130.00"
"184","NF902","1.22 x 30 m","Fabric & Leather","Grey","Special Order","137.67","4,130.00"
"185","NF903","1.22 x 30 m","Fabric & Leather","Beige","Special Order","137.67","4,130.00"
"186","NF904","1.22 x 30 m","Fabric & Leather","Oxford Twill","Special Order","137.67","4,130.00"
"187","NF905","1.22 x 30 m","Fabric & Leather","Oxford Twill","Special Order","137.67","4,130.00"
"188","NF906","1.22 x 30 m","Fabric & Leather","Oxford Twill","Special Order","137.67","4,130.00"
"189","RF001","1.22 x 30 m","Fabric & Leather","Linen","Special Order","110.00","3,300.00"
"190","RF008","1.22 x 30 m","Fabric & Leather","Herringbone","In Stock","92.40","2,640.00"
"191","RF010","1.22 x 30 m","Fabric & Leather","Grey","In Stock","92.40","2,640.00"
"192","RF011","1.22 x 30 m","Fabric & Leather","Cream","In Stock","92.40","2,640.00"
"193","SF801","1.22 x 50m","Fabric & Leather","Chevron Fabric","In Stock","38.12","1,815.00"
"194","SF802","1.22 x 50m","Fabric & Leather","Chevron Fabric","In Stock","38.12","1,815.00"
"195","SF803","1.22 x 50m","Fabric & Leather","Woven Fabric","In Stock","38.12","1,815.00"
"196","SF804","1.22 x 50m","Fabric & Leather","Woven Fabric","In Stock","38.12","1,815.00"
"197","SL401","1.22 x 50m","Fabric & Leather","Soft Leather","In Stock","38.12","1,815.00"
"198","SL402","1.22 x 50m","Fabric & Leather","Soft Leather","In Stock","38.12","1,815.00"
"199","SL403","1.22 x 50m","Fabric & Leather","Soft Leather","In Stock","38.12","1,815.00"
"200","SL404","1.22 x 50m","Fabric & Leather","Soft Leather","In Stock","38.12","1,815.00"
"201","NS601","1.22 x 50 m","Metal","Bronze Patina","Special Order","53.00","2,650.00"
"202","NS602","1.22 x 50 m","Metal","Black Patina","Special Order","53.00","2,650.00"
"203","APZ05","1.22 x 50 m","Metal","Gold Crack","Special Order","65.00","3,250.00"
"204","APZ18","1.22 x 50 m","Metal","Gold Crack","Special Order","65.00","3,250.00"
"205","APZ25","1.22 x 50 m","Metal","Golden Fabric","Special Order","65.00","3,250.00"
"206","APZ26","1.22 x 50 m","Metal","Golden Fabric","Special Order","65.00","3,250.00"
"207","LW101","1.22 x 50 m","Wood","Denver Oak","Special Order","78.50","3,925.00"
"208","LW102","1.22 x 50 m","Wood","Denver Oak","In Stock","56.60","2,695.00"
"209","LW103","1.22 x 50 m","Wood","Denver Oak","Special Order","78.50","3,925.00"
"210","LW104","1.22 x 50 m","Wood","Sonama Oak","Special Order","78.50","3,925.00"
"211","LW105","1.22 x 50 m","Wood","Sonama Oak","Special Order","78.50","3,925.00"
"212","LW106","1.22 x 50 m","Wood","Sonama Oak","In Stock","56.60","2,695.00"
"213","LW107","1.22 x 50 m","Wood","Timber Oak","In Stock","56.60","2,695.00"
"214","LW108","1.22 x 50 m","Wood","Timber Oak","Special Order","78.50","3,925.00"
"215","LW109","1.22 x 50 m","Wood","Timber Oak","In Stock","56.60","2,695.00"
"216","LW110","1.22 x 50 m","Wood","Nordic Oak","Special Order","78.50","3,925.00"
"217","LW111","1.22 x 50 m","Wood","Nordic Oak","Special Order","78.50","3,925.00"
"218","LW112","1.22 x 50 m","Wood","Nordic Oak","Special Order","78.50","3,925.00"
"219","LW113","1.22 x 50 m","Wood","Alpine Oak","Special Order","78.50","3,925.00"
"220","LW114","1.22 x 50 m","Wood","Alpine Oak","Special Order","78.50","3,925.00"
"221","LW115","1.22 x 50 m","Wood","Alpine Oak","Special Order","78.50","3,925.00"
"222","LW116","1.22 x 50 m","Wood","Amber Oak","In Stock","56.60","2,695.00"
"223","LW117","1.22 x 50 m","Wood","Amber Oak","Special Order","78.50","3,925.00"
"224","LW118","1.22 x 50 m","Wood","Ebony Oak","Special Order","78.50","3,925.00"
"225","LW119","1.22 x 50 m","Wood","Ebony Oak","Special Order","78.50","3,925.00"
"226","LW120","1.22 x 50 m","Wood","Ebony Oak","In Stock","56.60","2,695.00"
"227","LW121","1.22 x 50 m","Wood","Arden Oak","Special Order","78.50","3,925.00"
"228","LW122","1.22 x 50 m","Wood","Arden Oak","Special Order","78.50","3,925.00"
"229","LW123","1.22 x 50 m","Wood","Arden Oak","Special Order","78.50","3,925.00"
"230","LW201","1.22 x 50 m","Wood","Noa Oak","Special Order","78.50","3,925.00"
"231","LW202","1.22 x 50 m","Wood","Noa Oak","Special Order","78.50","3,925.00"
"232","LW203","1.22 x 50 m","Wood","Noa Oak","In Stock","56.60","2,695.00"
"233","SPW01","1.22 x 50 m","Wood","Wild Oak","Special Order","73.50","3,675.00"
"234","SPW03","1.22 x 50 m","Wood","Oak","Special Order","73.50","3,675.00"
"235","SPW05","1.22 x 50 m","Wood","Vertical Wood","Special Order","73.50","3,675.00"
"236","SPW09","1.22 x 50 m","Wood","Spanish Oak","Special Order","73.50","3,675.00"
"237","SPW10","1.22 x 50 m","Wood","Spanish Oak","Special Order","73.50","3,675.00"
"238","SPW11","1.22 x 50 m","Wood","White Oak","Special Order","73.50","3,675.00"
"239","SPW12","1.22 x 50 m","Wood","White Oak","In Stock","47.36","2,255.00"
"240","SPW13","1.22 x 50 m","Wood","Oak","In Stock","47.36","2,255.00"
"241","SPW14","1.22 x 50 m","Wood","Oak","In Stock","47.36","2,255.00"
"242","SPW15","1.22 x 50 m","Wood","Velvet Oak","In Stock","47.36","2,255.00"
"243","SPW16","1.22 x 50 m","Wood","Velvet Oak","In Stock","47.36","2,255.00"
"244","SPW17","1.22 x 50 m","Wood","Wild Oak","Special Order","73.50","3,675.00"
"245","SPW18","1.22 x 50 m","Wood","Wild Oak","Special Order","73.50","3,675.00"
"246","SPW19","1.22 x 50 m","Wood","Dark Oak","In Stock","47.36","2,255.00"
"247","SPW20","1.22 x 50 m","Wood","Dark Oak","Special Order","73.50","3,675.00"
"248","SPW22","1.22 x 50 m","Wood","Solid Oak","In Stock","47.36","2,255.00"
"249","SPW23","1.22 x 50 m","Wood","Solid Oak","In Stock","47.36","2,255.00"
"250","SPW24","1.22 x 50 m","Wood","Stripe Wood","Special Order","73.50","3,675.00"
"251","SPW25","1.22 x 50 m","Wood","Stripe Wood","Special Order","73.50","3,675.00"
"252","SPW26","1.22 x 50 m","Wood","Walnut","Special Order","73.50","3,675.00"
"253","SPW27","1.22 x 50 m","Wood","Walnut","Special Order","73.50","3,675.00"
"254","SPW28","1.22 x 50 m","Wood","Walnut","Special Order","73.50","3,675.00"
"255","SPW29","1.22 x 50 m","Wood","Oak","In Stock","47.36","2,255.00"
"256","SPW30","1.22 x 50 m","Wood","Oak","Special Order","73.50","3,675.00"
"257","SPW38","1.22 x 50 m","Wood","Siena Teak","Special Order","73.50","3,675.00"
"258","SPW39","1.22 x 50 m","Wood","Siena Teak","In Stock","47.36","2,255.00"
"259","SPW40","1.22 x 50 m","Wood","Elm","Special Order","73.50","3,675.00"
"260","SPW41","1.22 x 50 m","Wood","Teak","In Stock","47.36","2,255.00"
"261","SPW42","1.22 x 50 m","Wood","Teak","Special Order","73.50","3,675.00"
"262","SPW43","1.22 x 50 m","Wood","Oak","In Stock","47.36","2,255.00"
"263","SPW44","1.22 x 50 m","Wood","Oak","In Stock","47.36","2,255.00"
"264","SPW45","1.22 x 50 m","Wood","Oak","Special Order","73.50","3,675.00"
"265","SPW46","1.22 x 50 m","Wood","Oak","Special Order","73.50","3,675.00"
"266","SPW47","1.22 x 50 m","Wood","Walnut","In Stock","47.36","2,255.00"
"267","SPW48","1.22 x 50 m","Wood","Walnut","Special Order","73.50","3,675.00"
"268","SPW49","1.22 x 50 m","Wood","Split Wood","Special Order","73.50","3,675.00"
"269","SPW50","1.22 x 50 m","Wood","Split Wood","Special Order","73.50","3,675.00"
"270","SPW52","1.22 x 50 m","Wood","Walnut","Special Order","73.50","3,675.00"
"271","SPW53","1.22 x 50 m","Wood","Oak","Special Order","73.50","3,675.00"
"272","SPW54","1.22 x 50 m","Wood","Elder","In Stock","47.36","2,255.00"
"273","SPW55","1.22 x 50 m","Wood","Elder","Special Order","73.50","3,675.00"
"274","SPW56","1.22 x 50 m","Wood","Ash","Special Order","73.50","3,675.00"
"275","SPW57","1.22 x 50 m","Wood","Ash","Special Order","73.50","3,675.00"
"276","SPW60","1.22 x 50 m","Wood","Camel Oak","Special Order","73.50","3,675.00"
"277","SPW61","1.22 x 50 m","Wood","Wash Oak","In Stock","47.36","2,255.00"
"278","SPW62","1.22 x 50 m","Wood","Wash Oak","In Stock","47.36","2,255.00"
"279","SPW63","1.22 x 50 m","Wood","Oak","Special Order","73.50","3,675.00"
"280","SPW64","1.22 x 50 m","Wood","Oak","In Stock","47.36","2,255.00"
"281","SPW65","1.22 x 50 m","Wood","Oak","Special Order","73.50","3,675.00"
"282","SPW66","1.22 x 50 m","Wood","Elm","Special Order","73.50","3,675.00"
"283","SPW67","1.22 x 50 m","Wood","Elm","In Stock","47.36","2,255.00"
"284","SPW68","1.22 x 50 m","Wood","Oak","Special Order","73.50","3,675.00"
"285","SPW69","1.22 x 50 m","Wood","Oak","Special Order","73.50","3,675.00"
"286","SPW70","1.22 x 50 m","Wood","Eucalyptus","In Stock","47.36","2,255.00"
"287","SPW71","1.22 x 50 m","Wood","Eucalyptus","In Stock","47.36","2,255.00"
"288","SPW72","1.22 x 50 m","Wood","Walnut","Special Order","73.50","3,675.00"
"289","SPW73","1.22 x 50 m","Wood","Walnut","Special Order","73.50","3,675.00"
"290","SPW88","1.22 x 50 m","Wood","Eden Oak","Special Order","73.50","3,675.00"
"291","SPW89","1.22 x 50 m","Wood","Eden Oak","Special Order","73.50","3,675.00"
"292","SPW90","1.22 x 50 m","Wood","African Teak","In Stock","47.36","2,255.00"
"293","SPW91","1.22 x 50 m","Wood","Oak","In Stock","47.36","2,255.00"
"294","SPW92","1.22 x 50 m","Wood","Oak","Special Order","73.50","3,675.00"
"295","SPW94","1.22 x 50 m","Wood","Soft White Oak","Special Order","73.50","3,675.00"
"296","SPW95","1.22 x 50 m","Wood","Eiche","In Stock","47.36","2,255.00"
"297","SPW96","1.22 x 50 m","Wood","Eiche","Special Order","73.50","3,675.00"
"298","SPW97","1.22 x 50 m","Wood","Soft White Oak","Special Order","73.50","3,675.00"
"299","SPW98","1.22 x 50 m","Wood","Oak","Special Order","73.50","3,675.00"
"300","SPW99","1.22 x 50 m","Wood","Oak","In Stock","47.36","2,255.00"
"301","ZX102","1.22 x 50 m","Wood","Wizard Grain","Special Order","50.00","2,500.00"
"302","ZX103","1.22 x 50 m","Wood","Ash","Special Order","50.00","2,500.00"
"303","ZX104","1.22 x 50 m","Wood","Teak","Special Order","50.00","2,500.00"
"304","ZX107","1.22 x 50 m","Wood","Oak","Special Order","50.00","2,500.00"
"305","ZX108","1.22 x 50 m","Wood","Oak","Special Order","50.00","2,500.00"
"306","ZX109","1.22 x 50 m","Wood","Ash","Special Order","50.00","2,500.00"
"307","ZX110","1.22 x 50 m","Wood","Ash","Special Order","50.00","2,500.00"
"308","ZX113","1.22 x 50 m","Wood","Eiche","Special Order","50.00","2,500.00"
"309","ZX114","1.22 x 50 m","Wood","Eiche","Special Order","50.00","2,500.00"
"310","ZX116","1.22 x 50 m","Wood","Amazahoue","Special Order","50.00","2,500.00"
"311","ZX118","1.22 x 50 m","Wood","Teak","Special Order","50.00","2,500.00"
"312","ZX119","1.22 x 50 m","Wood","Walnut","Special Order","50.00","2,500.00"
"313","ZX124","1.22 x 50 m","Wood","Oak","Special Order","50.00","2,500.00"
"314","ZX125","1.22 x 50 m","Wood","Oak","Special Order","50.00","2,500.00"
"315","ZX126","1.22 x 50 m","Wood","Walnut","In Stock","38.12","1,815.00"
"316","ZX130","1.22 x 50 m","Wood","Apple","Special Order","50.00","2,500.00"
"317","ZX133","1.22 x 50 m","Wood","Oak","Special Order","50.00","2,500.00"
"318","ZX134","1.22 x 50 m","Wood","Oak","Special Order","50.00","2,500.00"
"319","ZX141","1.22 x 50 m","Wood","Ash","Special Order","50.00","2,500.00"
"320","ZX144","1.22 x 50 m","Wood","Oak","Special Order","50.00","2,500.00"
"321","ZX145","1.22 x 50 m","Wood","Oak","Special Order","50.00","2,500.00"
"322","ZX149","1.22 x 50 m","Wood","Walnut","In Stock","38.12","1,815.00"
"323","ZX152","1.22 x 50 m","Wood","Oak","Special Order","50.00","2,500.00"
"324","ZX153","1.22 x 50 m","Wood","Maple","In Stock","38.12","1,815.00"
"325","ZX154","1.22 x 50 m","Wood","Oak","Special Order","50.00","2,500.00"
"326","ZX155","1.22 x 50 m","Wood","Cherry","Special Order","50.00","2,500.00"
"327","ZX156","1.22 x 50 m","Wood","Ash","Special Order","50.00","2,500.00"
"328","ZX157","1.22 x 50 m","Wood","Oak","Special Order","50.00","2,500.00"
"329","ZX158","1.22 x 50 m","Wood","Walnut","Special Order","50.00","2,500.00"
"330","ZX159","1.22 x 50 m","Wood","Ash","Special Order","50.00","2,500.00"
"331","ZX161","1.22 x 50 m","Wood","Oak","In Stock","38.12","1,815.00"
"332","ZX162","1.22 x 50 m","Wood","Oak","In Stock","38.12","1,815.00"
"333","ZX163","1.22 x 50 m","Wood","Oak","Special Order","50.00","2,500.00"
"334","ZX165","1.22 x 50 m","Wood","Oak","In Stock","38.12","1,815.00"
"335","ZX166","1.22 x 50 m","Wood","Oak","Special Order","50.00","2,500.00"
"336","ZX169","1.22 x 50 m","Wood","Pine","Special Order","50.00","2,500.00"
"337","ZX171","1.22 x 50 m","Wood","Oak","In Stock","38.12","1,815.00"
"338","ZX172","1.22 x 50 m","Wood","Oak","Special Order","50.00","2,500.00"
"339","ZX174","1.22 x 50 m","Wood","Oak","In Stock","38.12","1,815.00"
"340","ZX175","1.22 x 50 m","Wood","Walnut","Special Order","50.00","2,500.00"
"341","ZX176","1.22 x 50 m","Wood","Ash","Special Order","50.00","2,500.00"
"342","ZX178","1.22 x 50 m","Wood","Teak","Special Order","50.00","2,500.00"
"343","ZX179","1.22 x 50 m","Wood","Heimish Oak","Special Order","50.00","2,500.00"
"344","ZX180","1.22 x 50 m","Wood","Washed Oak","Special Order","50.00","2,500.00"
"345","W011","1.22 x 50 m","Wood","Wash Oak","In Stock","28.88","1,375.00"
"346","W012","1.22 x 50 m","Wood","Oak","Special Order","42.70","2,135.00"
"347","W015","1.22 x 50 m","Wood","Ash","In Stock","28.88","1,375.00"
"348","W016","1.22 x 50 m","Wood","Walnut","Special Order","42.70","2,135.00"
"349","W017","1.22 x 50 m","Wood","Eucalyptus","In Stock","28.88","1,375.00"
"350","W018","1.22 x 50 m","Wood","Eucalyptus","In Stock","28.88","1,375.00"
"351","W134","1.22 x 50 m","Wood","Maple","Special Order","42.70","2,135.00"
"352","W141","1.22 x 50 m","Wood","Walnut","In Stock","28.88","1,375.00"
"353","W171","1.22 x 50 m","Wood","Maple","Special Order","42.70","2,135.00"
"354","W177","1.22 x 50 m","Wood","Africa Limba","Special Order","42.70","2,135.00"
"355","W183","1.22 x 50 m","Wood","Pine","Special Order","42.70","2,135.00"
"356","W189","1.22 x 50 m","Wood","Maple","Special Order","42.70","2,135.00"
"357","W192","1.22 x 50 m","Wood","Castagno Cadduci","Special Order","42.70","2,135.00"
"358","W196","1.22 x 50 m","Wood","Ash","Special Order","42.70","2,135.00"
"359","W198","1.22 x 50 m","Wood","Oak","In Stock","28.88","1,375.00"
"360","W200","1.22 x 50 m","Wood","Maple","Special Order","42.70","2,135.00"
"361","W206","1.22 x 50 m","Wood","Walnut","In Stock","28.88","1,375.00"
"362","W207","1.22 x 50 m","Wood","Walnut","In Stock","28.88","1,375.00"
"363","W260","1.22 x 50 m","Wood","Walnut","Special Order","42.70","2,135.00"
"364","W301","1.22 x 50 m","Wood","Castagno Cadduci","Special Order","42.70","2,135.00"
"365","W302","1.22 x 50 m","Wood","Walnut","Special Order","42.70","2,135.00"
"366","W351","1.22 x 50 m","Wood","White Oak","In Stock","28.88","1,375.00"
"367","W357","1.22 x 50 m","Wood","Ash","Special Order","42.70","2,135.00"
"368","W375","1.22 x 50 m","Wood","Wash Oak","In Stock","28.88","1,375.00"
"369","W376","1.22 x 50 m","Wood","Walnut","In Stock","28.88","1,375.00"
"370","W388","1.22 x 50 m","Wood","Ash","In Stock","28.88","1,375.00"
"371","W389","1.22 x 50 m","Wood","Ash","Special Order","42.70","2,135.00"
"372","W390","1.22 x 50 m","Wood","Ash","Special Order","42.70","2,135.00"
"373","W401","1.22 x 50 m","Wood","Maple","Special Order","42.70","2,135.00"
"374","W402","1.22 x 50 m","Wood","Riven Oak","In Stock","28.88","1,375.00"
"375","W403","1.22 x 50 m","Wood","Riven Oak","In Stock","28.88","1,375.00"
"376","W504","1.22 x 50 m","Wood","Noce","Special Order","42.70","2,135.00"
"377","W508","1.22 x 50 m","Wood","Noce","Special Order","42.70","2,135.00"
"378","W528","1.22 x 50 m","Wood","Noce","Special Order","42.70","2,135.00"
"379","W531","1.22 x 50 m","Wood","Sycamore","Special Order","42.70","2,135.00"
"380","W538","1.22 x 50 m","Wood","Pine","In Stock","28.88","1,375.00"
"381","W632","1.22 x 50 m","Wood","Castagno Cadduci","In Stock","28.88","1,375.00"
"382","W638","1.22 x 50 m","Wood","Oak","Special Order","42.70","2,135.00"
"383","W681","1.22 x 50 m","Wood","Walnut","Special Order","42.70","2,135.00"
"384","W705","1.22 x 50 m","Wood","Noce","In Stock","28.88","1,375.00"
"385","W722","1.22 x 50 m","Wood","Noce","In Stock","28.88","1,375.00"
"386","W727","1.22 x 50 m","Wood","RoseWood","Special Order","42.70","2,135.00"
"387","W741","1.22 x 50 m","Wood","Soft Noche","Special Order","42.70","2,135.00"
"388","W742","1.22 x 50 m","Wood","Soft Noche","In Stock","28.88","1,375.00"
"389","W816","1.22 x 50 m","Wood","Cherry","Special Order","42.70","2,135.00"
"390","W823","1.22 x 50 m","Wood","Noce","Special Order","42.70","2,135.00"
"391","W842","1.22 x 50 m","Wood","Maple","Special Order","42.70","2,135.00"
"392","W845","1.22 x 50 m","Wood","Sycamore","Special Order","42.70","2,135.00"
"393","W863","1.22 x 50 m","Wood","Oak","In Stock","28.88","1,375.00"
"394","W864","1.22 x 50 m","Wood","Oak","Special Order","42.70","2,135.00"
"395","W867","1.22 x 50 m","Wood","Oak","Special Order","42.70","2,135.00"
"396","W870","1.22 x 50 m","Wood","Teak","Special Order","42.70","2,135.00"
"397","W871","1.22 x 50 m","Wood","Oak","Special Order","42.70","2,135.00"
"398","W874","1.22 x 50 m","Wood","Oak","In Stock","28.88","1,375.00"
"399","W877","1.22 x 50 m","Wood","Elm","Special Order","42.70","2,135.00"
"400","W878","1.22 x 50 m","Wood","Oak","In Stock","28.88","1,375.00"
"401","W879","1.22 x 50 m","Wood","Ash","Special Order","42.70","2,135.00"
"402","W880","1.22 x 50 m","Wood","Ash","Special Order","42.70","2,135.00"
"403","W881","1.22 x 50 m","Wood","Ash","In Stock","28.88","1,375.00"
"404","W882","1.22 x 50 m","Wood","Burl Wood","Special Order","42.70","2,135.00"
"405","W883","1.22 x 50 m","Wood","Burl Wood","Special Order","42.70","2,135.00"
"406","W933","1.22 x 50 m","Wood","Oak","Special Order","42.70","2,135.00"
"407","W935","1.22 x 50 m","Wood","Maple","In Stock","28.88","1,375.00"
"408","W937","1.22 x 50 m","Wood","Oak","Special Order","42.70","2,135.00"
"409","W942","1.22 x 50 m","Wood","Oak","Special Order","42.70","2,135.00"
"410","W943","1.22 x 50 m","Wood","Oak","In Stock","28.88","1,375.00"
"411","W946","1.22 x 50 m","Wood","Cedar","Special Order","42.70","2,135.00"
"412","W949","1.22 x 50 m","Wood","Oak","In Stock","28.88","1,375.00"
"413","W952","1.22 x 50 m","Wood","Teak","In Stock","28.88","1,375.00"
"414","W953","1.22 x 50 m","Wood","Teak","Special Order","42.70","2,135.00"
"415","W954","1.22 x 50 m","Wood","Walnut","In Stock","28.88","1,375.00"
"416","W955","1.22 x 50 m","Wood","Walnut","Special Order","42.70","2,135.00"
"417","W956","1.22 x 50 m","Wood","Walnut","Special Order","42.70","2,135.00"
"418","W957","1.22 x 50 m","Wood","Velvet Oak","In Stock","28.88","1,375.00"
"419","W958","1.22 x 50 m","Wood","Velvet Oak","Special Order","42.70","2,135.00"
"420","OGW01","1.22 x 50 m","Wood","Noble Oak","In Stock","42.74","2,035.00"
"421","OGW02","1.22 x 50 m","Wood","Noble Oak","In Stock","42.74","2,035.00"
"422","OGW03","1.22 x 50 m","Wood","Noble Oak","In Stock","42.74","2,035.00"
"423","OGW04","1.22 x 50 m","Wood","Essence Teak","In Stock","42.74","2,035.00"
"424","OGW05","1.22 x 50 m","Wood","Essence Teak","In Stock","42.74","2,035.00"
"425","OGW06","1.22 x 50 m","Wood","Essence Teak","In Stock","42.74","2,035.00"
"426","PM003","1.22 x 50 m","Stone","Onyx","In Stock","42.74","2,035.00"
"427","PM004","1.22 x 50 m","Stone","Terrazzo","Special Order","58.10","2,905.00"
"428","PM006","1.22 x 50 m","Stone","Pietra","In Stock","42.74","2,035.00"
"429","PM007","1.22 x 50 m","Stone","Pietra","In Stock","42.74","2,035.00"
"430","PM008","1.22 x 50 m","Stone","Terrazzo","In Stock","42.74","2,035.00"
"431","PM009","1.22 x 50 m","Stone","Basaltina","Special Order","58.10","2,905.00"
"432","PM010","1.22 x 50 m","Stone","Basaltina","In Stock","42.74","2,035.00"
"433","PM014","1.22 x 50 m","Stone","Tundra","Special Order","58.10","2,905.00"
"434","PM016","1.22 x 50 m","Stone","Fior di Bosco","In Stock","42.74","2,035.00"
"435","PM017","1.22 x 50 m","Stone","Bianco","In Stock","42.74","2,035.00"
"436","PM019","1.22 x 50 m","Stone","Venato","In Stock","42.74","2,035.00"
"437","NS118","1.22 x 50 m","Stone","White Marble","In Stock","38.12","1,815.00"
"438","NS119","1.22 x 50 m","Stone","White Marble","In Stock","38.12","1,815.00"
"439","NS120","1.22 x 50 m","Stone","Granite","Special Order","53.00","2,650.00"
"440","NS121","1.22 x 50 m","Stone","Granite","In Stock","38.12","1,815.00"
"441","NS122","1.22 x 50 m","Stone","Sierra Stone","In Stock","38.12","1,815.00"
"442","NS123","1.22 x 50 m","Stone","Sierra Stone","Special Order","53.00","2,650.00"
"443","NS201","1.22 x 50 m","Stone","Travertine","In Stock","38.12","1,815.00"
"444","NS202","1.22 x 50 m","Stone","Travertine","In Stock","38.12","1,815.00"
"445","NS401","1.22 x 50 m","Stone","Concrete","In Stock","38.12","1,815.00"
"446","NS403","1.22 x 50 m","Stone","Concrete","In Stock","38.12","1,815.00"
"447","NS703","1.22 x 50 m","Stone","Cement","In Stock","38.12","1,815.00"
"448","NS710","1.22 x 50 m","Stone","Cardoso","Special Order","53.00","2,650.00"
"449","NS711","1.22 x 50 m","Stone","Cardoso","Special Order","53.00","2,650.00"
"450","NS715","1.22 x 50 m","Stone","Mono Terrazzo","In Stock","38.12","1,815.00"
"451","NS717","1.22 x 50 m","Stone","Particle Stone","Special Order","53.00","2,650.00"
"452","NS804","1.22 x 50 m","Stone","Nero Marquina","In Stock","38.12","1,815.00"
"453","NS806","1.22 x 50 m","Stone","Travertine","In Stock","38.12","1,815.00"
"454","NS814","1.22 x 50 m","Stone","Arabescato","In Stock","38.12","1,815.00"
"455","NS822","1.22 x 50 m","Stone","Elba Stone","Special Order","53.00","2,650.00"
"456","NS823","1.22 x 50 m","Stone","Elba Stone","Special Order","53.00","2,650.00"
"457","NS898","1.22 x 50 m","Stone","Flake Cement","Special Order","53.00","2,650.00"
"458","VM901","1.22 x 50 m","Velvet Metal","Chrome","Special Order","58.10","2,905.00"
"459","VM902","1.22 x 50 m","Velvet Metal","Grey","In Stock","42.74","2,035.00"
"460","VM903","1.22 x 50 m","Velvet Metal","Silver","In Stock","42.74","2,035.00"
"461","VM904","1.22 x 50 m","Velvet Metal","Sky Blue","In Stock","42.74","2,035.00"
"462","VM905","1.22 x 50 m","Velvet Metal","Champagne","In Stock","42.74","2,035.00"
"463","VM906","1.22 x 50 m","Velvet Metal","Rose Gold","In Stock","42.74","2,035.00"
"464","VM907","1.22 x 50 m","Velvet Metal","Gold","In Stock","42.74","2,035.00"
"465","VM908","1.22 x 50 m","Velvet Metal","Light Brown","In Stock","42.74","2,035.00"
"466","VM909","1.22 x 50 m","Velvet Metal","Brown","Special Order","58.10","2,905.00"
"467","VM910","1.22 x 50 m","Velvet Metal","Ash","Special Order","58.10","2,905.00"
"468","VM911","1.22 x 50 m","Velvet Metal","Navy","Special Order","58.10","2,905.00"